Gene Input,Vizgen Gene,Ensemble ID,Transcript,Notes,Abundance,Target Regions,Type
ENSMUSG00000000078.7,Klf6,ENSMUSG00000000078,ENSMUST00000000080,,10.62341725,94,MERFISH
ENSMUSG00000029231.15,Pdgfra,ENSMUSG00000029231,ENSMUST00000000476,,4.758227291666667,197,MERFISH
ENSMUSG00000000567.5,Sox9,ENSMUSG00000000567,ENSMUST00000000579,,7.802777791666666,95,MERFISH
ENSMUSG00000000915.15,Hip1r,ENSMUSG00000000915,ENSMUST00000000939,,9.215261208333336,152,MERFISH
ENSMUSG00000001300.16,Efnb2,ENSMUSG00000001300,ENSMUST00000001319,,7.3336274166666655,109,MERFISH
ENSMUSG00000001819.4,Hoxd13,ENSMUSG00000001819,ENSMUST00000001872,,0.023003,66,MERFISH
ENSMUSG00000002205.16,Vrk3,ENSMUSG00000002205,ENSMUST00000002275,,8.932471333333334,55,MERFISH
ENSMUSG00000003545.3,Fosb,ENSMUSG00000003545,ENSMUST00000003640,,4.595395875,111,MERFISH
ENSMUSG00000004099.16,Dnmt1,ENSMUSG00000004099,ENSMUST00000004202,,5.890806583333333,132,MERFISH
ENSMUSG00000004366.4,Sst,ENSMUSG00000004366,ENSMUST00000004480,,226.51599220833333,59,MERFISH
ENSMUSG00000005103.12,Wdr1,ENSMUSG00000005103,ENSMUST00000005234,,31.43047383333333,59,MERFISH
ENSMUSG00000022892.11,App,ENSMUSG00000022892,ENSMUST00000005406,,291.36070325,63,MERFISH
ENSMUSG00000031706.7,Rfx1,ENSMUSG00000031706,ENSMUST00000005600,,4.61175775,118,MERFISH
ENSMUSG00000005533.10,Igf1r,ENSMUSG00000005533,ENSMUST00000005671,,6.388813916666667,312,MERFISH
ENSMUSG00000005686.17,Ampd3,ENSMUSG00000005686,ENSMUST00000005829,,3.916128958333333,55,MERFISH
ENSMUSG00000005716.16,Pvalb,ENSMUSG00000005716,ENSMUST00000005860,,188.46671691666663,62,MERFISH
ENSMUSG00000006179.9,Prss16,ENSMUSG00000006179,ENSMUST00000006341,,0.1946962083333333,58,MERFISH
ENSMUSG00000006586.15,Runx1t1,ENSMUSG00000006586,ENSMUST00000006761,,6.319189041666666,157,MERFISH
ENSMUSG00000006764.8,Tph2,ENSMUSG00000006764,ENSMUST00000006949,,2.7027671250000003,83,MERFISH
ENSMUSG00000067889.5,Sptbn2,ENSMUSG00000067889,ENSMUST00000008991,,63.81413941666666,252,MERFISH
ENSMUSG00000014030.15,Pax5,ENSMUSG00000014030,ENSMUST00000014174,,0.15761675,189,MERFISH
ENSMUSG00000014361.5,Mertk,ENSMUSG00000014361,ENSMUST00000014505,,5.810972875,55,MERFISH
ENSMUSG00000014704.10,Hoxa2,ENSMUSG00000014704,ENSMUST00000014848,,0.1854210416666666,57,MERFISH
ENSMUSG00000050578.10,Mmp13,ENSMUSG00000050578,ENSMUST00000015394,,0.0492143749999999,75,MERFISH
ENSMUSG00000015312.9,Gadd45b,ENSMUSG00000015312,ENSMUST00000015456,,9.384993875,52,MERFISH
ENSMUSG00000015759.11,Cnih1,ENSMUSG00000015759,ENSMUST00000015903,,36.44829270833333,60,MERFISH
ENSMUSG00000041132.11,N4bp2l1,ENSMUSG00000041132,ENSMUST00000016279,,6.422419583333333,53,MERFISH
ENSMUSG00000017007.9,Rbpjl,ENSMUSG00000017007,ENSMUST00000017151,,0.1043057083333333,56,MERFISH
ENSMUSG00000017466.9,Timp2,ENSMUSG00000017466,ENSMUST00000017610,,68.98037825,110,MERFISH
ENSMUSG00000019146.2,Cacng2,ENSMUSG00000019146,ENSMUST00000019290,,17.042737833333334,143,MERFISH
ENSMUSG00000019647.16,Sema6a,ENSMUSG00000019647,ENSMUST00000019791,,1.7535896666666666,64,MERFISH
ENSMUSG00000019772.5,Vip,ENSMUSG00000019772,ENSMUST00000019906,,12.977074958333333,52,MERFISH
ENSMUSG00000019803.11,Nr2e1,ENSMUSG00000019803,ENSMUST00000019938,,2.3720965,60,MERFISH
ENSMUSG00000019970.15,Sgk1,ENSMUSG00000019970,ENSMUST00000020145,,16.443368624999998,70,MERFISH
ENSMUSG00000020423.6,Btg2,ENSMUSG00000020423,ENSMUST00000020692,,6.229975125,80,MERFISH
ENSMUSG00000020538.15,Srebf1,ENSMUSG00000020538,ENSMUST00000020846,,4.511917583333333,52,MERFISH
ENSMUSG00000020838.12,Slc6a4,ENSMUSG00000020838,ENSMUST00000021195,,1.0196511666666668,82,MERFISH
ENSMUSG00000021095.5,Gsc,ENSMUSG00000021095,ENSMUST00000021513,,0.033572,65,MERFISH
ENSMUSG00000021379.2,Id4,ENSMUSG00000021379,ENSMUST00000021810,,22.68469095833333,96,MERFISH
ENSMUSG00000021474.9,Sfxn1,ENSMUSG00000021474,ENSMUST00000021930,,19.729213916666662,83,MERFISH
ENSMUSG00000021508.11,Cxcl14,ENSMUSG00000021508,ENSMUST00000021970,,29.301538125,50,MERFISH
ENSMUSG00000021538.3,Il9,ENSMUSG00000021538,ENSMUST00000022019,,0,44,MERFISH
ENSMUSG00000021953.14,Tdh,ENSMUSG00000021953,ENSMUST00000022522,,0.0503476666666666,58,MERFISH
ENSMUSG00000021991.9,Cacna2d3,ENSMUSG00000021991,ENSMUST00000022567,,18.560334666666662,69,MERFISH
ENSMUSG00000059456.13,Ptk2b,ENSMUSG00000059456,ENSMUST00000022622,,29.89963425,69,MERFISH
ENSMUSG00000022061.8,Nkx3-1,ENSMUSG00000022061,ENSMUST00000022646,,0.1856825416666666,96,MERFISH
ENSMUSG00000022309.9,Angpt1,ENSMUSG00000022309,ENSMUST00000022921,,1.85699325,104,MERFISH
ENSMUSG00000022494.15,Shisa9,ENSMUSG00000022494,ENSMUST00000023138,,11.033804666666668,51,MERFISH
ENSMUSG00000022790.14,Igsf11,ENSMUSG00000022790,ENSMUST00000023478,,6.532281333333335,94,MERFISH
ENSMUSG00000022991.5,Lalba,ENSMUSG00000022991,ENSMUST00000023726,,0.0148883333333333,63,MERFISH
ENSMUSG00000023092.16,Fhl1,ENSMUSG00000023092,ENSMUST00000023854,,24.423418166666664,61,MERFISH
ENSMUSG00000023274.14,Cd4,ENSMUSG00000023274,ENSMUST00000024044,,1.4947230833333334,50,MERFISH
ENSMUSG00000023809.10,Rps6ka2,ENSMUSG00000023809,ENSMUST00000024575,,9.2991725,57,MERFISH
ENSMUSG00000023992.14,Trem2,ENSMUSG00000023992,ENSMUST00000024791,,4.42344525,62,MERFISH
ENSMUSG00000024032.7,Tff1,ENSMUSG00000024032,ENSMUST00000024831,,7.968409208333334,60,MERFISH
ENSMUSG00000024064.14,Galnt14,ENSMUSG00000024064,ENSMUST00000024858,,2.9522479166666664,86,MERFISH
ENSMUSG00000024304.14,Cdh2,ENSMUSG00000024304,ENSMUST00000025166,,14.490663916666666,124,MERFISH
ENSMUSG00000024357.10,Sil1,ENSMUSG00000024357,ENSMUST00000025215,,6.801539083333333,51,MERFISH
ENSMUSG00000024590.8,Lmnb1,ENSMUSG00000024590,ENSMUST00000025486,,2.3250315833333337,57,MERFISH
ENSMUSG00000024621.16,Csf1r,ENSMUSG00000024621,ENSMUST00000025523,,9.264484166666666,122,MERFISH
ENSMUSG00000036225.15,Kctd1,ENSMUSG00000036225,ENSMUST00000025992,,19.41872120833333,58,MERFISH
ENSMUSG00000042243.10,BC051665,ENSMUSG00000042243,ENSMUST00000026078,,0,51,MERFISH
ENSMUSG00000025133.9,Ints4,ENSMUSG00000025133,ENSMUST00000026126,,6.211630583333332,53,MERFISH
ENSMUSG00000025612.5,Bach1,ENSMUSG00000025612,ENSMUST00000026703,,2.565714916666667,108,MERFISH
ENSMUSG00000025935.10,Tram1,ENSMUSG00000025935,ENSMUST00000027068,,9.970930666666666,58,MERFISH
ENSMUSG00000026235.14,Epha4,ENSMUSG00000026235,ENSMUST00000027451,,19.23577720833333,121,MERFISH
ENSMUSG00000026356.15,Dars,ENSMUSG00000026356,ENSMUST00000027602,,19.92050379166667,53,MERFISH
ENSMUSG00000026393.10,Nek7,ENSMUSG00000026393,ENSMUST00000027642,,4.842867333333334,95,MERFISH
ENSMUSG00000026739.13,Bmi1,ENSMUSG00000026739,ENSMUST00000028071,,7.186533,87,MERFISH
ENSMUSG00000026787.3,Gad2,ENSMUSG00000026787,ENSMUST00000028123,,36.18013075,144,MERFISH
ENSMUSG00000026841.7,Fibcd1,ENSMUSG00000026841,ENSMUST00000028188,,3.38152275,144,MERFISH
ENSMUSG00000026970.16,Rbms1,ENSMUSG00000026970,ENSMUST00000028347,,6.365413625,53,MERFISH
ENSMUSG00000027187.10,Cat,ENSMUSG00000027187,ENSMUST00000028610,,14.006922916666664,80,MERFISH
ENSMUSG00000027397.14,Slc20a1,ENSMUSG00000027397,ENSMUST00000028880,,31.284679625,96,MERFISH
ENSMUSG00000027398.13,Il1b,ENSMUSG00000027398,ENSMUST00000028881,,0.1326321666666666,53,MERFISH
ENSMUSG00000027399.1,Il1a,ENSMUSG00000027399,ENSMUST00000028882,,0.2058538333333333,57,MERFISH
ENSMUSG00000027430.12,Dtd1,ENSMUSG00000027430,ENSMUST00000028917,,34.10018841666667,58,MERFISH
ENSMUSG00000027995.10,Tlr2,ENSMUSG00000027995,ENSMUST00000029623,,0.313517,91,MERFISH
ENSMUSG00000028351.5,Brinp1,ENSMUSG00000028351,ENSMUST00000030036,,41.59826916666667,79,MERFISH
ENSMUSG00000028532.14,Cachd1,ENSMUSG00000028532,ENSMUST00000030257,,3.916184416666667,150,MERFISH
ENSMUSG00000001985.9,Grik3,ENSMUSG00000001985,ENSMUST00000030676,,6.776969791666666,267,MERFISH
ENSMUSG00000029594.12,Rbm19,ENSMUSG00000029594,ENSMUST00000031590,,2.0188650416666665,63,MERFISH
ENSMUSG00000030087.11,Klf15,ENSMUSG00000030087,ENSMUST00000032174,,3.1537640833333334,60,MERFISH
ENSMUSG00000030156.5,Cd69,ENSMUSG00000030156,ENSMUST00000032259,,0.0045435,70,MERFISH
ENSMUSG00000030350.8,Prmt8,ENSMUSG00000030350,ENSMUST00000032500,,18.15319091666667,72,MERFISH
ENSMUSG00000030500.6,Slc17a6,ENSMUSG00000030500,ENSMUST00000032710,,21.798370416666664,103,MERFISH
ENSMUSG00000030657.11,Xylt1,ENSMUSG00000030657,ENSMUST00000032892,,5.0306905,208,MERFISH
ENSMUSG00000030796.17,Tead2,ENSMUSG00000030796,ENSMUST00000033060,,1.0156779583333333,56,MERFISH
ENSMUSG00000030909.6,Anks4b,ENSMUSG00000030909,ENSMUST00000033201,,0.056915375,108,MERFISH
ENSMUSG00000031365.13,Zfp275,ENSMUSG00000031365,ENSMUST00000033731,,2.2772691666666667,180,MERFISH
ENSMUSG00000032017.14,Grik4,ENSMUSG00000032017,ENSMUST00000034515,,2.410540333333333,101,MERFISH
ENSMUSG00000032094.8,Cd3d,ENSMUSG00000032094,ENSMUST00000034602,,0.0498520416666666,57,MERFISH
ENSMUSG00000032318.12,Isl2,ENSMUSG00000032318,ENSMUST00000034869,,0.0194923333333333,50,MERFISH
ENSMUSG00000032368.14,Zic1,ENSMUSG00000032368,ENSMUST00000034927,,24.963567875,68,MERFISH
ENSMUSG00000032402.12,Smad3,ENSMUSG00000032402,ENSMUST00000034973,,8.391744875,151,MERFISH
ENSMUSG00000032537.15,Ephb1,ENSMUSG00000032537,ENSMUST00000035129,,9.086199666666666,56,MERFISH
ENSMUSG00000039830.9,Olig2,ENSMUSG00000039830,ENSMUST00000035608,,9.928397291666666,63,MERFISH
ENSMUSG00000032911.6,Cspg4,ENSMUSG00000032911,ENSMUST00000035661,,1.6626449583333331,157,MERFISH
ENSMUSG00000020524.16,Gria1,ENSMUSG00000020524,ENSMUST00000036315,,30.187373125,171,MERFISH
ENSMUSG00000039621.13,Prex1,ENSMUSG00000039621,ENSMUST00000036719,,15.698776625,115,MERFISH
ENSMUSG00000036264.9,Fstl4,ENSMUSG00000036264,ENSMUST00000036796,,3.25086125,134,MERFISH
ENSMUSG00000036111.8,Lmo1,ENSMUSG00000036111,ENSMUST00000036992,,5.409364041666667,51,MERFISH
ENSMUSG00000037242.8,Clic4,ENSMUSG00000037242,ENSMUST00000037099,,28.53067075,123,MERFISH
ENSMUSG00000042631.7,Xkr7,ENSMUSG00000042631,ENSMUST00000037235,,1.1839253333333335,70,MERFISH
ENSMUSG00000036907.9,C1ql2,ENSMUSG00000036907,ENSMUST00000037286,,3.773211333333333,50,MERFISH
ENSMUSG00000039202.12,Abhd2,ENSMUSG00000039202,ENSMUST00000037315,,10.725437374999998,191,MERFISH
ENSMUSG00000070056.6,Mfhas1,ENSMUSG00000070056,ENSMUST00000037666,,6.885742125,166,MERFISH
ENSMUSG00000040697.10,Dnajc16,ENSMUSG00000040697,ENSMUST00000038014,,8.244190666666666,171,MERFISH
ENSMUSG00000038175.10,Mylip,ENSMUSG00000038175,ENSMUST00000038275,,3.6754429166666656,62,MERFISH
ENSMUSG00000037306.13,Man1c1,ENSMUSG00000037306,ENSMUST00000038628,,4.259595375,120,MERFISH
ENSMUSG00000041703.7,Zic5,ENSMUSG00000041703,ENSMUST00000039118,,3.4573796666666667,88,MERFISH
ENSMUSG00000033316.14,Galnt9,ENSMUSG00000033316,ENSMUST00000040001,,14.384633125,55,MERFISH
ENSMUSG00000038193.4,Hand2,ENSMUSG00000038193,ENSMUST00000040104,,0.029775625,50,MERFISH
ENSMUSG00000034612.7,Chst11,ENSMUSG00000034612,ENSMUST00000040110,,8.092142125,165,MERFISH
ENSMUSG00000035946.7,Gsx2,ENSMUSG00000035946,ENSMUST00000040477,,0.14632475,59,MERFISH
ENSMUSG00000058997.8,Vwa8,ENSMUSG00000058997,ENSMUST00000040990,,4.318552541666667,51,MERFISH
ENSMUSG00000035441.14,Myo1d,ENSMUSG00000035441,ENSMUST00000041065,,3.0719305416666667,158,MERFISH
ENSMUSG00000041592.16,Sdk2,ENSMUSG00000041592,ENSMUST00000041627,,1.889155375,246,MERFISH
ENSMUSG00000038255.6,Neurod2,ENSMUSG00000038255,ENSMUST00000041685,,19.31473020833333,74,MERFISH
ENSMUSG00000038765.13,Lmx1b,ENSMUSG00000038765,ENSMUST00000041730,,0.2729549999999999,133,MERFISH
ENSMUSG00000019969.14,Psen1,ENSMUSG00000019969,ENSMUST00000041806,,9.771892333333334,85,MERFISH
ENSMUSG00000034748.16,Sirt6,ENSMUSG00000034748,ENSMUST00000042923,,5.065238208333334,56,MERFISH
ENSMUSG00000038349.10,Plcl1,ENSMUSG00000038349,ENSMUST00000042986,,5.228315458333333,169,MERFISH
ENSMUSG00000041078.7,Grid1,ENSMUSG00000041078,ENSMUST00000043349,,6.798729708333333,170,MERFISH
ENSMUSG00000016763.15,Scube1,ENSMUSG00000016763,ENSMUST00000043634,,2.870904083333333,57,MERFISH
ENSMUSG00000038417.4,Fig4,ENSMUSG00000038417,ENSMUST00000043814,,7.171250458333333,97,MERFISH
ENSMUSG00000036580.15,Spg20,ENSMUSG00000036580,ENSMUST00000044116,,6.739099041666666,108,MERFISH
ENSMUSG00000035451.7,Foxa1,ENSMUSG00000035451,ENSMUST00000044380,,0.142119625,77,MERFISH
ENSMUSG00000038156.16,Spon1,ENSMUSG00000038156,ENSMUST00000046687,,10.604354416666668,157,MERFISH
ENSMUSG00000033713.12,Foxn3,ENSMUSG00000033713,ENSMUST00000046859,,9.185637041666666,147,MERFISH
ENSMUSG00000019230.14,Lhx9,ENSMUSG00000019230,ENSMUST00000046870,,0.5401506666666667,55,MERFISH
ENSMUSG00000041119.12,Pde9a,ENSMUSG00000041119,ENSMUST00000047168,,2.9046661666666664,53,MERFISH
ENSMUSG00000041351.16,Rap1gap,ENSMUSG00000041351,ENSMUST00000047243,,21.978967166666664,53,MERFISH
ENSMUSG00000035033.15,Tbr1,ENSMUSG00000035033,ENSMUST00000048934,,11.667953041666664,103,MERFISH
ENSMUSG00000026463.17,Atp2b4,ENSMUSG00000026463,ENSMUST00000048953,,14.106194291666666,114,MERFISH
ENSMUSG00000033910.13,Gucy1a1,ENSMUSG00000033910,ENSMUST00000048976,,9.425083333333331,133,MERFISH
ENSMUSG00000035799.6,Twist1,ENSMUSG00000035799,ENSMUST00000049089,,0.5923894166666667,54,MERFISH
ENSMUSG00000036766.12,Dner,ENSMUSG00000036766,ENSMUST00000049126,,55.62059175,101,MERFISH
ENSMUSG00000040249.15,Lrp1,ENSMUSG00000040249,ENSMUST00000049149,,22.959603166666668,313,MERFISH
ENSMUSG00000050370.5,Ch25h,ENSMUSG00000050370,ENSMUST00000050562,,0.3526258333333333,54,MERFISH
ENSMUSG00000052133.16,Sema5b,ENSMUSG00000052133,ENSMUST00000050625,,2.0501974583333333,128,MERFISH
ENSMUSG00000047146.17,Tet1,ENSMUSG00000047146,ENSMUST00000050826,,1.0581433333333332,403,MERFISH
ENSMUSG00000041235.12,Chd7,ENSMUSG00000041235,ENSMUST00000051558,,4.182082291666666,159,MERFISH
ENSMUSG00000049517.8,Rps23,ENSMUSG00000049517,ENSMUST00000051955,,199.62862670833331,32,MERFISH
ENSMUSG00000024642.17,Tle4,ENSMUSG00000024642,ENSMUST00000052011,,9.923931583333331,114,MERFISH
ENSMUSG00000033763.14,Mtss2,ENSMUSG00000033763,ENSMUST00000052457,,33.90181945833333,59,MERFISH
ENSMUSG00000046532.8,Ar,ENSMUSG00000046532,ENSMUST00000052837,,2.789006958333333,288,MERFISH
ENSMUSG00000022306.9,Zfpm2,ENSMUSG00000022306,ENSMUST00000053467,,3.5979936249999995,146,MERFISH
ENSMUSG00000049556.5,Lingo1,ENSMUSG00000049556,ENSMUST00000053568,,28.653346625,64,MERFISH
ENSMUSG00000044030.4,Irf2bp1,ENSMUSG00000044030,ENSMUST00000053713,,13.117225458333332,66,MERFISH
ENSMUSG00000044167.6,Foxo1,ENSMUSG00000044167,ENSMUST00000053764,,2.953081958333333,236,MERFISH
ENSMUSG00000042700.16,Sipa1l1,ENSMUSG00000042700,ENSMUST00000053969,,17.4375945,230,MERFISH
ENSMUSG00000053747.9,Sox14,ENSMUSG00000053747,ENSMUST00000054819,,0.3979808333333333,51,MERFISH
ENSMUSG00000045835.5,Hdgfl1,ENSMUSG00000045835,ENSMUST00000055915,,0.0037458333333333,51,MERFISH
ENSMUSG00000009621.18,Vav2,ENSMUSG00000009621,ENSMUST00000056176,,1.3016048333333332,132,MERFISH
ENSMUSG00000046160.6,Olig1,ENSMUSG00000046160,ENSMUST00000056882,,45.911493208333326,59,MERFISH
ENSMUSG00000027270.14,Lamp5,ENSMUSG00000027270,ENSMUST00000057503,,48.917354375,62,MERFISH
ENSMUSG00000048058.17,Ldlrad3,ENSMUSG00000048058,ENSMUST00000058790,,2.007438333333333,108,MERFISH
ENSMUSG00000022685.9,Parn,ENSMUSG00000022685,ENSMUST00000058884,,5.585158249999999,52,MERFISH
ENSMUSG00000044646.15,Zbtb7c,ENSMUSG00000044646,ENSMUST00000058997,,0.7573916666666666,56,MERFISH
ENSMUSG00000039217.13,Il18,ENSMUSG00000039217,ENSMUST00000059081,,6.39933525,59,MERFISH
ENSMUSG00000028664.14,Ephb2,ENSMUSG00000028664,ENSMUST00000059287,,1.9535509583333328,135,MERFISH
ENSMUSG00000047407.17,Tgif1,ENSMUSG00000047407,ENSMUST00000059775,,0.3652021666666667,57,MERFISH
ENSMUSG00000051251.3,Nhlh1,ENSMUSG00000051251,ENSMUST00000059794,,0.1128851666666666,70,MERFISH
ENSMUSG00000046178.3,Nxph1,ENSMUSG00000046178,ENSMUST00000060369,,6.339975208333334,71,MERFISH
ENSMUSG00000044303.6,Cdkn2a,ENSMUSG00000044303,ENSMUST00000060501,,0.01574,56,MERFISH
ENSMUSG00000047371.7,Zfp768,ENSMUSG00000047371,ENSMUST00000060783,,3.714535125,64,MERFISH
ENSMUSG00000043635.12,Adamts3,ENSMUSG00000043635,ENSMUST00000061427,,2.095017583333333,124,MERFISH
ENSMUSG00000049630.6,C1ql3,ENSMUSG00000049630,ENSMUST00000061545,,21.1654915,61,MERFISH
ENSMUSG00000050295.4,Foxc1,ENSMUSG00000050295,ENSMUST00000062292,,1.1257600416666669,131,MERFISH
ENSMUSG00000045594.10,Glb1,ENSMUSG00000045594,ENSMUST00000063042,,4.494964,73,MERFISH
ENSMUSG00000052336.7,Cx3cr1,ENSMUSG00000052336,ENSMUST00000064165,,4.91525675,105,MERFISH
ENSMUSG00000052353.13,Cemip,ENSMUSG00000052353,ENSMUST00000064174,,2.3491330416666667,60,MERFISH
ENSMUSG00000052435.7,Cebpe,ENSMUSG00000052435,ENSMUST00000064290,,0.0065881666666666,58,MERFISH
ENSMUSG00000008575.17,Nfib,ENSMUSG00000008575,ENSMUST00000064770,,9.752203291666667,234,MERFISH
ENSMUSG00000052981.6,Ube2ql1,ENSMUSG00000052981,ENSMUST00000065118,,49.6142855,68,MERFISH
ENSMUSG00000032511.17,Scn5a,ENSMUSG00000032511,ENSMUST00000065196,,0.3142287083333333,227,MERFISH
ENSMUSG00000057858.8,Fam204a,ENSMUSG00000057858,ENSMUST00000065286,,4.52643375,56,MERFISH
ENSMUSG00000053199.13,Arhgap20,ENSMUSG00000053199,ENSMUST00000065496,,10.875153416666668,161,MERFISH
ENSMUSG00000053414.8,Hunk,ENSMUSG00000053414,ENSMUST00000065856,,3.022976375,140,MERFISH
ENSMUSG00000048251.15,Bcl11b,ENSMUSG00000048251,ENSMUST00000066060,,9.830284583333334,137,MERFISH
ENSMUSG00000031681.16,Smad1,ENSMUSG00000031681,ENSMUST00000066091,,7.601042041666668,54,MERFISH
ENSMUSG00000054057.2,A930004D18Rik,ENSMUSG00000054057,ENSMUST00000066163,,2.180183791666667,82,MERFISH
ENSMUSG00000036206.12,Sh3bp4,ENSMUSG00000036206,ENSMUST00000066279,,3.5498372083333343,146,MERFISH
ENSMUSG00000053977.13,Cd8a,ENSMUSG00000053977,ENSMUST00000066747,,0.0550639999999999,56,MERFISH
ENSMUSG00000020520.14,Galnt10,ENSMUSG00000020520,ENSMUST00000066987,,2.2143157916666665,132,MERFISH
ENSMUSG00000054160.2,Nkx2-4,ENSMUSG00000054160,ENSMUST00000067020,,0.0483109166666666,54,MERFISH
ENSMUSG00000027577.14,Chrna4,ENSMUSG00000027577,ENSMUST00000067120,,6.155756625,80,MERFISH
ENSMUSG00000004633.17,Chn2,ENSMUSG00000004633,ENSMUST00000067741,,32.561865833333336,58,MERFISH
ENSMUSG00000055148.7,Klf2,ENSMUSG00000055148,ENSMUST00000067912,,7.601349125,54,MERFISH
ENSMUSG00000034613.12,Ppm1h,ENSMUSG00000034613,ENSMUST00000067918,,9.097653208333334,142,MERFISH
ENSMUSG00000021676.10,Iqgap2,ENSMUSG00000021676,ENSMUST00000068603,,3.1428899583333334,107,MERFISH
ENSMUSG00000055538.7,Zcchc24,ENSMUSG00000055538,ENSMUST00000069180,,8.805586541666667,126,MERFISH
ENSMUSG00000055320.17,Tead1,ENSMUSG00000055320,ENSMUST00000069256,,1.611933625,262,MERFISH
ENSMUSG00000073418.4,C4b,ENSMUSG00000073418,ENSMUST00000069507,,6.290629541666666,54,MERFISH
ENSMUSG00000021540.16,Smad5,ENSMUSG00000021540,ENSMUST00000069557,,6.224197958333333,152,MERFISH
ENSMUSG00000056427.10,Slit3,ENSMUSG00000056427,ENSMUST00000069837,,3.6743824583333335,144,MERFISH
ENSMUSG00000057315.14,Arhgap24,ENSMUSG00000057315,ENSMUST00000070000,,1.7960910833333332,63,MERFISH
ENSMUSG00000046157.13,Tmem229b,ENSMUSG00000046157,ENSMUST00000070174,,4.683894583333333,117,MERFISH
ENSMUSG00000039706.11,Ldb2,ENSMUSG00000039706,ENSMUST00000070748,,7.382394375,69,MERFISH
ENSMUSG00000029778.12,Adcyap1r1,ENSMUSG00000029778,ENSMUST00000070756,,22.813796041666667,82,MERFISH
ENSMUSG00000059991.7,Nptx2,ENSMUSG00000059991,ENSMUST00000071782,,13.464318333333336,72,MERFISH
ENSMUSG00000047409.13,Ctdspl,ENSMUSG00000047409,ENSMUST00000073109,,4.9563035,97,MERFISH
ENSMUSG00000062542.11,Syt9,ENSMUSG00000062542,ENSMUST00000073459,,4.459989291666666,63,MERFISH
ENSMUSG00000040037.13,Negr1,ENSMUSG00000040037,ENSMUST00000074015,,30.61518045833333,105,MERFISH
ENSMUSG00000024513.16,Mbd2,ENSMUSG00000024513,ENSMUST00000074058,,14.279919208333332,51,MERFISH
ENSMUSG00000055013.15,Agap1,ENSMUSG00000055013,ENSMUST00000074945,,7.247939416666667,277,MERFISH
ENSMUSG00000063931.14,Pepd,ENSMUSG00000063931,ENSMUST00000075068,,8.459459166666667,66,MERFISH
ENSMUSG00000032259.8,Drd2,ENSMUSG00000032259,ENSMUST00000075764,,6.455306583333334,78,MERFISH
ENSMUSG00000060969.9,Irx1,ENSMUSG00000060969,ENSMUST00000077337,,1.2599843750000002,55,MERFISH
ENSMUSG00000038608.15,Dock10,ENSMUSG00000038608,ENSMUST00000077946,,3.8470840416666654,53,MERFISH
ENSMUSG00000040118.15,Cacna2d1,ENSMUSG00000040118,ENSMUST00000078272,,13.822751166666668,206,MERFISH
ENSMUSG00000036356.15,Csgalnact1,ENSMUSG00000036356,ENSMUST00000078350,,3.885477041666667,53,MERFISH
ENSMUSG00000060402.7,Chst8,ENSMUSG00000060402,ENSMUST00000078686,,3.3614365,71,MERFISH
ENSMUSG00000032691.14,Nlrp3,ENSMUSG00000032691,ENSMUST00000079476,,0.0962454583333333,112,MERFISH
ENSMUSG00000005089.15,Slc1a2,ENSMUSG00000005089,ENSMUST00000080210,,141.47172470833334,284,MERFISH
ENSMUSG00000034684.12,Sema3f,ENSMUSG00000034684,ENSMUST00000080560,,1.6874,55,MERFISH
ENSMUSG00000023764.18,Sfi1,ENSMUSG00000023764,ENSMUST00000081318,,3.079106416666667,55,MERFISH
ENSMUSG00000046321.8,Hs3st2,ENSMUSG00000046321,ENSMUST00000084628,,9.952000625,53,MERFISH
ENSMUSG00000053025.13,Sv2b,ENSMUSG00000053025,ENSMUST00000085164,,31.681002,164,MERFISH
ENSMUSG00000090626.9,Tex9,ENSMUSG00000090626,ENSMUST00000085358,,1.37000875,50,MERFISH
ENSMUSG00000070570.5,Slc17a7,ENSMUSG00000070570,ENSMUST00000085374,,173.00351525000002,88,MERFISH
ENSMUSG00000039683.16,Sdk1,ENSMUSG00000039683,ENSMUST00000085774,,0.4949979166666667,69,MERFISH
ENSMUSG00000029406.15,Pitpnm2,ENSMUSG00000029406,ENSMUST00000086123,,14.02225425,87,MERFISH
ENSMUSG00000055471.7,Alk,ENSMUSG00000055471,ENSMUST00000086639,,1.116058125,120,MERFISH
ENSMUSG00000004872.15,Pax3,ENSMUSG00000004872,ENSMUST00000087086,,0.26998025,92,MERFISH
ENSMUSG00000058624.13,Gda,ENSMUSG00000058624,ENSMUST00000087600,,29.48894704166667,135,MERFISH
ENSMUSG00000034265.8,Zdhhc14,ENSMUSG00000034265,ENSMUST00000089185,,10.996626791666667,85,MERFISH
ENSMUSG00000034037.14,Fgd5,ENSMUSG00000034037,ENSMUST00000089334,,1.0345649583333334,114,MERFISH
ENSMUSG00000034832.15,Tet3,ENSMUSG00000034832,ENSMUST00000089622,,5.237335791666666,152,MERFISH
ENSMUSG00000028360.9,Slc44a5,ENSMUSG00000028360,ENSMUST00000089948,,0.8791396666666667,54,MERFISH
ENSMUSG00000037580.10,Gch1,ENSMUSG00000037580,ENSMUST00000089959,,1.102194,79,MERFISH
ENSMUSG00000020823.16,Sec14l1,ENSMUSG00000020823,ENSMUST00000090433,,22.434915625,57,MERFISH
ENSMUSG00000027849.18,Syt6,ENSMUSG00000027849,ENSMUST00000090697,,3.020844583333333,133,MERFISH
ENSMUSG00000015852.13,Fcrls,ENSMUSG00000015852,ENSMUST00000090986,,6.889385666666668,50,MERFISH
ENSMUSG00000001510.8,Dlx3,ENSMUSG00000001510,ENSMUST00000092768,,0.0349926666666666,73,MERFISH
ENSMUSG00000070034.13,Sp110,ENSMUSG00000070034,ENSMUST00000093508,,0.249057375,39,MERFISH
ENSMUSG00000066687.5,Zbtb16,ENSMUSG00000066687,ENSMUST00000093852,,3.542754125,82,MERFISH
ENSMUSG00000070880.10,Gad1,ENSMUSG00000070880,ENSMUST00000094934,,73.75947116666667,99,MERFISH
ENSMUSG00000028434.12,Epb41l4b,ENSMUSG00000028434,ENSMUST00000095076,,6.543824333333332,149,MERFISH
ENSMUSG00000071037.6,Camkmt,ENSMUSG00000071037,ENSMUST00000095188,,5.182184666666666,59,MERFISH
ENSMUSG00000020037.15,Rfx4,ENSMUSG00000020037,ENSMUST00000095388,,2.314501083333333,98,MERFISH
ENSMUSG00000022558.16,Mroh1,ENSMUSG00000022558,ENSMUST00000096385,,43.74841508333333,110,MERFISH
ENSMUSG00000045038.14,Prkce,ENSMUSG00000045038,ENSMUST00000097275,,44.88653116666666,171,MERFISH
ENSMUSG00000040964.16,Arhgef10l,ENSMUSG00000040964,ENSMUST00000097820,,4.164240541666667,50,MERFISH
ENSMUSG00000040943.12,Tet2,ENSMUSG00000040943,ENSMUST00000098603,,2.8106974583333333,111,MERFISH
ENSMUSG00000027985.14,Lef1,ENSMUSG00000027985,ENSMUST00000098611,,1.440066208333333,62,MERFISH
ENSMUSG00000071064.14,Zfp827,ENSMUSG00000071064,ENSMUST00000098614,,2.782430208333333,71,MERFISH
ENSMUSG00000074582.10,Arfgef2,ENSMUSG00000074582,ENSMUST00000099078,,7.322289458333334,244,MERFISH
ENSMUSG00000074622.4,Mafb,ENSMUSG00000074622,ENSMUST00000099126,,3.312985541666667,81,MERFISH
ENSMUSG00000074934.3,Grem1,ENSMUSG00000074934,ENSMUST00000099575,,0.6676787083333333,110,MERFISH
ENSMUSG00000075304.2,Sp5,ENSMUSG00000075304,ENSMUST00000100043,,0.36048325,60,MERFISH
ENSMUSG00000031393.16,Mecp2,ENSMUSG00000031393,ENSMUST00000100750,,10.457828458333331,318,MERFISH
ENSMUSG00000068551.12,Zfp467,ENSMUSG00000068551,ENSMUST00000101443,,5.687671750000001,40,MERFISH
ENSMUSG00000073209.4,Klf14,ENSMUSG00000073209,ENSMUST00000101589,,0.088264375,81,MERFISH
ENSMUSG00000020453.17,Patz1,ENSMUSG00000020453,ENSMUST00000101644,,3.419206958333333,55,MERFISH
ENSMUSG00000005034.15,Prkacb,ENSMUSG00000005034,ENSMUST00000102515,,71.89810416666667,123,MERFISH
ENSMUSG00000027347.18,Rasgrp1,ENSMUSG00000027347,ENSMUST00000102534,,36.28464516666666,160,MERFISH
ENSMUSG00000059173.19,Pde1a,ENSMUSG00000059173,ENSMUST00000102655,,23.69382925,122,MERFISH
ENSMUSG00000055612.15,Cdca7,ENSMUSG00000055612,ENSMUST00000102691,,1.2222622916666666,54,MERFISH
ENSMUSG00000027864.9,Ptgfrn,ENSMUSG00000027864,ENSMUST00000102694,,4.49767225,177,MERFISH
ENSMUSG00000027030.15,Stk39,ENSMUSG00000027030,ENSMUST00000102715,,18.279991791666664,84,MERFISH
ENSMUSG00000038860.15,Garnl3,ENSMUSG00000038860,ENSMUST00000102810,,11.502690291666667,109,MERFISH
ENSMUSG00000043857.16,Mgat5b,ENSMUSG00000043857,ENSMUST00000103027,,8.220368375000001,52,MERFISH
ENSMUSG00000027478.15,Dnmt3b,ENSMUSG00000027478,ENSMUST00000103151,,0.1612552916666666,80,MERFISH
ENSMUSG00000028975.16,Pex14,ENSMUSG00000028975,ENSMUST00000103217,,14.571572583333332,52,MERFISH
ENSMUSG00000027200.17,Sema6d,ENSMUSG00000027200,ENSMUST00000103239,,7.034063708333334,53,MERFISH
ENSMUSG00000076617.9,Ighm,ENSMUSG00000076617,ENSMUST00000103426,,7.547715458333333,55,MERFISH
ENSMUSG00000034813.18,Grip1,ENSMUSG00000034813,ENSMUST00000105262,,2.151092625,130,MERFISH
ENSMUSG00000039089.15,L3mbtl3,ENSMUSG00000039089,ENSMUST00000105519,,3.5861087083333336,57,MERFISH
ENSMUSG00000041309.17,Nkx6-2,ENSMUSG00000041309,ENSMUST00000106095,,15.491292291666666,50,MERFISH
ENSMUSG00000059248.13,Sept9,ENSMUSG00000059248,ENSMUST00000106349,,5.5629465,86,MERFISH
ENSMUSG00000078591.1,Hs3st4,ENSMUSG00000078591,ENSMUST00000106437,,12.944665958333331,72,MERFISH
ENSMUSG00000034677.9,Gpr142,ENSMUSG00000034677,ENSMUST00000106584,,0,65,MERFISH
ENSMUSG00000052684.4,Jun,ENSMUSG00000052684,ENSMUST00000107094,,14.553534375,88,MERFISH
ENSMUSG00000003032.8,Klf4,ENSMUSG00000003032,ENSMUST00000107619,,3.488358583333333,75,MERFISH
ENSMUSG00000028314.6,Toporsl,ENSMUSG00000028314,ENSMUST00000107671,,0,80,MERFISH
ENSMUSG00000039809.10,Gabbr2,ENSMUSG00000039809,ENSMUST00000107749,,37.814138875,160,MERFISH
ENSMUSG00000056158.14,Car10,ENSMUSG00000056158,ENSMUST00000107863,,16.807283666666667,91,MERFISH
ENSMUSG00000069769.13,Msi2,ENSMUSG00000069769,ENSMUST00000107909,,20.564719166666663,109,MERFISH
ENSMUSG00000033066.15,Gas7,ENSMUSG00000033066,ENSMUST00000108682,,36.246907,175,MERFISH
ENSMUSG00000001995.9,Sipa1l2,ENSMUSG00000001995,ENSMUST00000108775,,4.206359166666666,196,MERFISH
ENSMUSG00000018899.16,Irf1,ENSMUSG00000018899,ENSMUST00000108920,,1.105222666666667,65,MERFISH
ENSMUSG00000055435.6,Maf,ENSMUSG00000055435,ENSMUST00000109104,,3.5496945416666663,117,MERFISH
ENSMUSG00000047907.11,Tshz2,ENSMUSG00000047907,ENSMUST00000109159,,3.755747375,51,MERFISH
ENSMUSG00000074607.11,Tox2,ENSMUSG00000074607,ENSMUST00000109428,,8.661335916666667,73,MERFISH
ENSMUSG00000045333.15,Zfp423,ENSMUSG00000045333,ENSMUST00000109655,,1.2781007499999997,136,MERFISH
ENSMUSG00000001911.16,Nfix,ENSMUSG00000001911,ENSMUST00000109764,,71.8836125,90,MERFISH
ENSMUSG00000039943.16,Plcb4,ENSMUSG00000039943,ENSMUST00000110109,,15.276712583333332,80,MERFISH
ENSMUSG00000016128.14,Stard13,ENSMUSG00000016128,ENSMUST00000110483,,1.4135603333333333,168,MERFISH
ENSMUSG00000021071.16,Trim9,ENSMUSG00000021071,ENSMUST00000110522,,30.837939625,83,MERFISH
ENSMUSG00000004698.10,Hdac9,ENSMUSG00000004698,ENSMUST00000110819,,2.7205795,66,MERFISH
ENSMUSG00000079157.4,Fam155a,ENSMUSG00000079157,ENSMUST00000110969,,21.60250208333333,51,MERFISH
ENSMUSG00000024985.19,Tcf7l2,ENSMUSG00000024985,ENSMUST00000111656,,9.23375475,84,MERFISH
ENSMUSG00000038593.18,Tctn1,ENSMUSG00000038593,ENSMUST00000111738,,2.469382791666667,99,MERFISH
ENSMUSG00000042589.18,Cux2,ENSMUSG00000042589,ENSMUST00000111752,,4.078017166666666,115,MERFISH
ENSMUSG00000026482.13,Rgl1,ENSMUSG00000026482,ENSMUST00000111859,,7.567225,79,MERFISH
ENSMUSG00000042064.13,Myo3b,ENSMUSG00000042064,ENSMUST00000112243,,0.1750575416666666,180,MERFISH
ENSMUSG00000042328.13,Hps4,ENSMUSG00000042328,ENSMUST00000112359,,9.242613833333332,77,MERFISH
ENSMUSG00000034903.18,Cobll1,ENSMUSG00000034903,ENSMUST00000112429,,0.9832131666666666,141,MERFISH
ENSMUSG00000035168.16,Tanc1,ENSMUSG00000035168,ENSMUST00000112568,,3.216834416666667,133,MERFISH
ENSMUSG00000036192.15,Rorb,ENSMUSG00000036192,ENSMUST00000112832,,3.300650458333333,264,MERFISH
ENSMUSG00000026890.19,Lhx6,ENSMUSG00000026890,ENSMUST00000112966,,1.4652211666666666,97,MERFISH
ENSMUSG00000026883.17,Dab2ip,ENSMUSG00000026883,ENSMUST00000112983,,7.644297999999999,61,MERFISH
ENSMUSG00000031425.15,Plp1,ENSMUSG00000031425,ENSMUST00000113085,,419.90045341666666,78,MERFISH
ENSMUSG00000002489.16,Tiam1,ENSMUSG00000002489,ENSMUST00000114122,,6.910393624999999,67,MERFISH
ENSMUSG00000025969.15,Nrp2,ENSMUSG00000025969,ENSMUST00000114155,,2.860981833333333,103,MERFISH
ENSMUSG00000022840.9,Adcy5,ENSMUSG00000022840,ENSMUST00000114913,,23.929086875,189,MERFISH
ENSMUSG00000039046.15,Usp6nl,ENSMUSG00000039046,ENSMUST00000114937,,2.936128833333333,87,MERFISH
ENSMUSG00000061751.16,Kalrn,ENSMUSG00000061751,ENSMUST00000114954,,20.94519475,141,MERFISH
ENSMUSG00000028944.14,Prkag2,ENSMUSG00000028944,ENSMUST00000114975,,14.446170041666669,65,MERFISH
ENSMUSG00000053477.17,Tcf4,ENSMUSG00000053477,ENSMUST00000114985,,34.64479454166667,56,MERFISH
ENSMUSG00000029563.16,Foxp2,ENSMUSG00000029563,ENSMUST00000115477,,2.439972666666667,56,MERFISH
ENSMUSG00000057440.8,Mpp7,ENSMUSG00000057440,ENSMUST00000115869,,2.3381305,96,MERFISH
ENSMUSG00000038642.10,Ctss,ENSMUSG00000038642,ENSMUST00000116304,,31.09683375,50,MERFISH
ENSMUSG00000049321.17,Zfp2,ENSMUSG00000049321,ENSMUST00000116378,,2.694629833333334,72,MERFISH
ENSMUSG00000039656.17,Rxrb,ENSMUSG00000039656,ENSMUST00000116612,,7.617676166666666,70,MERFISH
ENSMUSG00000031453.16,Rasa3,ENSMUSG00000031453,ENSMUST00000117551,,13.014400458333334,63,MERFISH
ENSMUSG00000030222.13,Rerg,ENSMUSG00000030222,ENSMUST00000117919,,3.7951275,62,MERFISH
ENSMUSG00000063239.17,Grm4,ENSMUSG00000063239,ENSMUST00000118161,,17.363196375,124,MERFISH
ENSMUSG00000081101.1,Gm12024,ENSMUSG00000081101,ENSMUST00000118819,,0.0066486666666666,64,MERFISH
ENSMUSG00000000861.15,Bcl11a,ENSMUSG00000000861,ENSMUST00000118955,,11.412749166666666,52,MERFISH
ENSMUSG00000034324.16,Tmem132c,ENSMUSG00000034324,ENSMUST00000119026,,1.8562440833333331,67,MERFISH
ENSMUSG00000037606.18,Osbpl5,ENSMUSG00000037606,ENSMUST00000119499,,3.744180375,60,MERFISH
ENSMUSG00000051359.15,Ncald,ENSMUSG00000051359,ENSMUST00000119730,,46.84843708333334,100,MERFISH
ENSMUSG00000024810.16,Il33,ENSMUSG00000024810,ENSMUST00000120388,,15.365686375000005,53,MERFISH
ENSMUSG00000028266.17,Lmo4,ENSMUSG00000028266,ENSMUST00000120539,,56.14653520833333,51,MERFISH
ENSMUSG00000061143.15,Maml3,ENSMUSG00000061143,ENSMUST00000121440,,1.0350209583333334,82,MERFISH
ENSMUSG00000031543.18,Ank1,ENSMUSG00000031543,ENSMUST00000121802,,8.645133166666666,227,MERFISH
ENSMUSG00000026452.15,Syt2,ENSMUSG00000026452,ENSMUST00000121990,,21.151556,116,MERFISH
ENSMUSG00000059027.14,9630013D21Rik,ENSMUSG00000059027,ENSMUST00000127391,,0.1108215416666666,30,MERFISH
ENSMUSG00000004040.16,Stat3,ENSMUSG00000004040,ENSMUST00000127638,,7.083780708333334,102,MERFISH
ENSMUSG00000038077.7,Kcna6,ENSMUSG00000038077,ENSMUST00000128137,,11.180949791666666,67,MERFISH
ENSMUSG00000087027.2,Gm13206,ENSMUSG00000087027,ENSMUST00000129579,,0.032552,54,MERFISH
ENSMUSG00000041607.17,Mbp,ENSMUSG00000041607,ENSMUST00000133193,,553.2741949583334,61,MERFISH
ENSMUSG00000059857.15,Ntng1,ENSMUSG00000059857,ENSMUST00000133268,,3.946033375,55,MERFISH
ENSMUSG00000029478.16,Ncor2,ENSMUSG00000029478,ENSMUST00000134819,,9.455047166666668,50,MERFISH
ENSMUSG00000032332.17,Col12a1,ENSMUSG00000032332,ENSMUST00000135009,,0.9669495833333334,51,MERFISH
ENSMUSG00000048537.16,Phldb1,ENSMUSG00000048537,ENSMUST00000135436,,6.924872958333333,81,MERFISH
ENSMUSG00000086628.7,Gm16157,ENSMUSG00000086628,ENSMUST00000135564,,0.0113888333333333,61,MERFISH
ENSMUSG00000085319.1,Gm13330,ENSMUSG00000085319,ENSMUST00000136400,,0.0686628333333333,30,MERFISH
ENSMUSG00000035642.16,Aamdc,ENSMUSG00000035642,ENSMUST00000136757,,7.922037541666667,68,MERFISH
ENSMUSG00000020182.16,Ddc,ENSMUSG00000020182,ENSMUST00000136810,,5.429236166666667,56,MERFISH
ENSMUSG00000040111.16,Gramd1b,ENSMUSG00000040111,ENSMUST00000137454,,11.141259458333334,86,MERFISH
ENSMUSG00000063873.10,Slc24a3,ENSMUSG00000063873,ENSMUST00000137908,,23.346430041666665,116,MERFISH
ENSMUSG00000058392.13,Rrp1b,ENSMUSG00000058392,ENSMUST00000137917,,1.7050925,48,MERFISH
ENSMUSG00000087380.7,2210408F21Rik,ENSMUSG00000087380,ENSMUST00000138653,,13.106621958333337,35,MERFISH
ENSMUSG00000014592.20,Camta1,ENSMUSG00000014592,ENSMUST00000140030,,43.872460708333335,108,MERFISH
ENSMUSG00000087702.1,Gm13575,ENSMUSG00000087702,ENSMUST00000142353,,0,51,MERFISH
ENSMUSG00000029361.18,Nos1,ENSMUSG00000029361,ENSMUST00000142742,,6.337339999999999,298,MERFISH
ENSMUSG00000035478.14,Mbd3,ENSMUSG00000035478,ENSMUST00000142997,,30.313457875,50,MERFISH
ENSMUSG00000085658.1,Gm15704,ENSMUSG00000085658,ENSMUST00000144757,,0.0667587083333332,83,MERFISH
ENSMUSG00000086496.1,Gm14204,ENSMUSG00000086496,ENSMUST00000145773,,2.99174875,65,MERFISH
ENSMUSG00000025885.18,Myo5b,ENSMUSG00000025885,ENSMUST00000146253,,4.015183125,35,MERFISH
ENSMUSG00000021268.17,Meg3,ENSMUSG00000021268,ENSMUST00000146701,,177.63148275,333,MERFISH
ENSMUSG00000044813.15,Shb,ENSMUSG00000044813,ENSMUST00000147926,,2.839643375,53,MERFISH
ENSMUSG00000003279.17,Dlgap1,ENSMUSG00000003279,ENSMUST00000148486,,53.97454758333333,126,MERFISH
ENSMUSG00000087466.3,A330041J22Rik,ENSMUSG00000087466,ENSMUST00000150367,,1.0765075833333335,55,MERFISH
ENSMUSG00000058248.12,Kcnh1,ENSMUSG00000058248,ENSMUST00000151152,,3.602292041666667,163,MERFISH
ENSMUSG00000027010.16,Slc25a12,ENSMUSG00000027010,ENSMUST00000151937,,45.814177,107,MERFISH
ENSMUSG00000037990.18,Sh3rf3,ENSMUSG00000037990,ENSMUST00000153031,,2.8482960416666665,106,MERFISH
ENSMUSG00000032985.15,5730522E02Rik,ENSMUSG00000032985,ENSMUST00000153834,,2.788130875,36,MERFISH
ENSMUSG00000028559.17,Osbpl9,ENSMUSG00000028559,ENSMUST00000159198,,8.033506000000001,52,MERFISH
ENSMUSG00000027692.16,Tnik,ENSMUSG00000027692,ENSMUST00000159236,,6.890881333333335,157,MERFISH
ENSMUSG00000024112.16,Cacna1h,ENSMUSG00000024112,ENSMUST00000159610,,4.35947225,214,MERFISH
ENSMUSG00000041734.15,Kirrel,ENSMUSG00000041734,ENSMUST00000159976,,0.8155551666666666,217,MERFISH
ENSMUSG00000043004.13,Gng2,ENSMUSG00000043004,ENSMUST00000160013,,28.78704125,89,MERFISH
ENSMUSG00000025812.17,Pard3,ENSMUSG00000025812,ENSMUST00000160272,,2.206458666666667,53,MERFISH
ENSMUSG00000091002.2,Tcerg1l,ENSMUSG00000091002,ENSMUST00000160436,,3.440052333333333,54,MERFISH
ENSMUSG00000038473.14,Nos1ap,ENSMUSG00000038473,ENSMUST00000160456,,14.026216083333331,74,MERFISH
ENSMUSG00000026347.13,Tmem163,ENSMUSG00000026347,ENSMUST00000160616,,9.005110166666668,58,MERFISH
ENSMUSG00000053004.9,Hrh1,ENSMUSG00000053004,ENSMUST00000160780,,2.393692,89,MERFISH
ENSMUSG00000051111.16,Sv2c,ENSMUSG00000051111,ENSMUST00000161263,,8.110098416666666,275,MERFISH
ENSMUSG00000032503.18,Arpp21,ENSMUSG00000032503,ENSMUST00000161467,,34.763021125,72,MERFISH
ENSMUSG00000090257.1,Gm4524,ENSMUSG00000090257,ENSMUST00000161614,,0.6811365416666666,64,MERFISH
ENSMUSG00000022346.15,Myc,ENSMUSG00000022346,ENSMUST00000161976,,0.5590723333333333,61,MERFISH
ENSMUSG00000007817.15,Zmiz1,ENSMUSG00000007817,ENSMUST00000162645,,15.404931291666667,54,MERFISH
ENSMUSG00000090061.9,Nwd2,ENSMUSG00000090061,ENSMUST00000162757,,5.7448262083333335,64,MERFISH
ENSMUSG00000024134.11,Six2,ENSMUSG00000024134,ENSMUST00000163568,,0.085631,60,MERFISH
ENSMUSG00000086040.8,Wipf3,ENSMUSG00000086040,ENSMUST00000163746,,9.380128375,120,MERFISH
ENSMUSG00000038679.16,Trps1,ENSMUSG00000038679,ENSMUST00000165201,,2.976925,151,MERFISH
ENSMUSG00000060279.14,Ap2a1,ENSMUSG00000060279,ENSMUST00000166972,,44.65760158333333,96,MERFISH
ENSMUSG00000036913.15,Trim67,ENSMUSG00000036913,ENSMUST00000167588,,1.3829676666666666,81,MERFISH
ENSMUSG00000021700.10,Rab3c,ENSMUSG00000021700,ENSMUST00000167824,,40.51919433333333,222,MERFISH
ENSMUSG00000020014.17,Cfap54,ENSMUSG00000020014,ENSMUST00000168110,,0.39309475,189,MERFISH
ENSMUSG00000028184.12,Adgrl2,ENSMUSG00000028184,ENSMUST00000168352,,5.144668958333334,61,MERFISH
ENSMUSG00000055403.13,4933427D06Rik,ENSMUSG00000055403,ENSMUST00000168837,,0.0194488333333332,68,MERFISH
ENSMUSG00000024647.14,Cbln2,ENSMUSG00000024647,ENSMUST00000169470,,11.118757,52,MERFISH
ENSMUSG00000010476.14,Ebf3,ENSMUSG00000010476,ENSMUST00000169486,,1.4715980833333333,126,MERFISH
ENSMUSG00000002107.18,Celf2,ENSMUSG00000002107,ENSMUST00000170438,,19.073711375,50,MERFISH
ENSMUSG00000010066.15,Cacna2d2,ENSMUSG00000010066,ENSMUST00000170737,,10.362143291666667,159,MERFISH
ENSMUSG00000032289.15,Thsd4,ENSMUSG00000032289,ENSMUST00000171654,,1.0641154583333334,261,MERFISH
ENSMUSG00000039004.6,Bmp6,ENSMUSG00000039004,ENSMUST00000171970,,2.5723999166666665,68,MERFISH
ENSMUSG00000020661.15,Dnmt3a,ENSMUSG00000020661,ENSMUST00000172913,,16.316595875,39,MERFISH
ENSMUSG00000002985.16,Apoe,ENSMUSG00000002985,ENSMUST00000174064,,451.8198282083333,66,MERFISH
ENSMUSG00000092274.3,Neat1,ENSMUSG00000092274,ENSMUST00000174287,,25.13562308333333,92,MERFISH
ENSMUSG00000043969.4,Emx2,ENSMUSG00000043969,ENSMUST00000174353,,2.314016791666667,57,MERFISH
ENSMUSG00000060261.15,Gtf2i,ENSMUSG00000060261,ENSMUST00000174354,,17.090131666666668,125,MERFISH
ENSMUSG00000093726.1,Gm20667,ENSMUSG00000093726,ENSMUST00000175674,,0.0324150416666666,51,MERFISH
ENSMUSG00000045991.19,Onecut2,ENSMUSG00000045991,ENSMUST00000175965,,0.6663194166666666,449,MERFISH
ENSMUSG00000043456.16,Zfp536,ENSMUSG00000043456,ENSMUST00000176129,,4.493313583333333,54,MERFISH
ENSMUSG00000026872.18,Zeb2,ENSMUSG00000026872,ENSMUST00000176438,,6.083432999999999,81,MERFISH
ENSMUSG00000052534.15,Pbx1,ENSMUSG00000052534,ENSMUST00000176540,,21.708463666666667,145,MERFISH
ENSMUSG00000029705.17,Cux1,ENSMUSG00000029705,ENSMUST00000176745,,11.881646458333334,51,MERFISH
ENSMUSG00000021996.16,Esd,ENSMUSG00000021996,ENSMUST00000176957,,27.45089116666667,50,MERFISH
ENSMUSG00000035934.16,Pknox2,ENSMUSG00000035934,ENSMUST00000177218,,5.479463583333334,104,MERFISH
ENSMUSG00000038331.15,Satb2,ENSMUSG00000038331,ENSMUST00000177424,,1.7553902083333333,128,MERFISH
ENSMUSG00000095139.2,Pou3f2,ENSMUSG00000095139,ENSMUST00000178174,,4.8802420416666665,131,MERFISH
ENSMUSG00000030636.15,1700010L04Rik,ENSMUSG00000030636,ENSMUST00000179662,,0.0419867916666666,60,MERFISH
ENSMUSG00000097311.7,Gm26871,ENSMUSG00000097311,ENSMUST00000180593,,6.738354041666667,44,MERFISH
ENSMUSG00000071669.14,Snx29,ENSMUSG00000071669,ENSMUST00000180792,,1.4385709583333337,52,MERFISH
ENSMUSG00000097023.8,Mir9-3hg,ENSMUSG00000097023,ENSMUST00000180881,,3.2226485416666666,65,MERFISH
ENSMUSG00000074415.14,Mir100hg,ENSMUSG00000074415,ENSMUST00000181214,,4.432934708333333,61,MERFISH
ENSMUSG00000026395.16,Ptprc,ENSMUSG00000026395,ENSMUST00000182283,,0.3599094583333333,135,MERFISH
ENSMUSG00000098040.1,Gm20757,ENSMUSG00000098040,ENSMUST00000182870,,0,59,MERFISH
ENSMUSG00000090386.10,Mir99ahg,ENSMUSG00000090386,ENSMUST00000182986,,4.064954666666667,30,MERFISH
ENSMUSG00000030583.16,Sipa1l3,ENSMUSG00000030583,ENSMUST00000183096,,2.0016501666666664,194,MERFISH
ENSMUSG00000032352.16,Lrrc1,ENSMUSG00000032352,ENSMUST00000183873,,2.078888333333333,91,MERFISH
ENSMUSG00000098720.1,Gm27239,ENSMUSG00000098720,ENSMUST00000184638,,0.8156361666666667,38,MERFISH
ENSMUSG00000036306.13,Lzts1,ENSMUSG00000036306,ENSMUST00000185176,,10.291466625,149,MERFISH
ENSMUSG00000056222.15,Spock1,ENSMUSG00000056222,ENSMUST00000185502,,37.25591154166666,79,MERFISH
ENSMUSG00000032252.14,Glce,ENSMUSG00000032252,ENSMUST00000185675,,3.985482458333333,142,MERFISH
ENSMUSG00000046159.16,Chrm3,ENSMUSG00000046159,ENSMUST00000187510,,6.506662333333333,54,MERFISH
ENSMUSG00000043488.5,Frmd8os,ENSMUSG00000043488,ENSMUST00000187697,,0.3082783333333333,44,MERFISH
ENSMUSG00000101773.1,2210420H20Rik,ENSMUSG00000101773,ENSMUST00000188435,,0.105462375,43,MERFISH
ENSMUSG00000025931.15,Paqr8,ENSMUSG00000025931,ENSMUST00000189400,,21.765214208333333,118,MERFISH
ENSMUSG00000005696.11,Sh2d1a,ENSMUSG00000005696,ENSMUST00000189753,,3.2743027916666665,50,MERFISH
ENSMUSG00000100426.1,Gm4208,ENSMUSG00000100426,ENSMUST00000189802,,0.0953839166666666,64,MERFISH
ENSMUSG00000055322.15,Tns1,ENSMUSG00000055322,ENSMUST00000191104,,2.4654606666666665,276,MERFISH
ENSMUSG00000104411.1,Gm30340,ENSMUSG00000104411,ENSMUST00000191898,,0.3711704166666666,58,MERFISH
ENSMUSG00000063659.11,Zbtb18,ENSMUSG00000063659,ENSMUST00000193480,,43.38796554166667,108,MERFISH
ENSMUSG00000102629.1,Gm29999,ENSMUSG00000102629,ENSMUST00000193554,,0,50,MERFISH
ENSMUSG00000104109.1,Gm30292,ENSMUSG00000104109,ENSMUST00000194198,,0.0062663333333333,87,MERFISH
ENSMUSG00000104283.1,Gm37459,ENSMUSG00000104283,ENSMUST00000195007,,2.1012485,45,MERFISH
ENSMUSG00000026628.13,Atf3,ENSMUSG00000026628,ENSMUST00000195117,,0.4477943749999999,58,MERFISH
ENSMUSG00000033767.14,Tmem131l,ENSMUSG00000033767,ENSMUST00000195245,,1.616072041666667,40,MERFISH
ENSMUSG00000103079.1,Gm36307,ENSMUSG00000103079,ENSMUST00000195831,,0,52,MERFISH
ENSMUSG00000104876.1,Trdc,ENSMUSG00000104876,ENSMUST00000196323,,0.0330126666666666,113,MERFISH
ENSMUSG00000048540.8,Nhlh2,ENSMUSG00000048540,ENSMUST00000196324,,1.2676470416666663,67,MERFISH
ENSMUSG00000032497.18,Lrrfip2,ENSMUSG00000032497,ENSMUST00000196981,,5.510290374999999,55,MERFISH
ENSMUSG00000005583.16,Mef2c,ENSMUSG00000005583,ENSMUST00000197146,,40.481139,138,MERFISH
ENSMUSG00000104807.1,Gm42865,ENSMUSG00000104807,ENSMUST00000197981,,0.2526596666666666,38,MERFISH
ENSMUSG00000055138.10,Gm4861,ENSMUSG00000055138,ENSMUST00000198629,,0.0311776666666666,52,MERFISH
ENSMUSG00000039252.11,Lgi2,ENSMUSG00000039252,ENSMUST00000199942,,15.632706083333334,185,MERFISH
ENSMUSG00000023079.14,Gtf2ird1,ENSMUSG00000023079,ENSMUST00000202104,,8.517790916666666,51,MERFISH
ENSMUSG00000108056.1,Gm43941,ENSMUSG00000108056,ENSMUST00000203303,,0.0350559583333333,51,MERFISH
ENSMUSG00000030102.11,Itpr1,ENSMUSG00000030102,ENSMUST00000203615,,43.10719625,307,MERFISH
ENSMUSG00000045095.16,Magi1,ENSMUSG00000045095,ENSMUST00000203688,,5.949980916666667,51,MERFISH
ENSMUSG00000053007.9,Creb5,ENSMUSG00000053007,ENSMUST00000205120,,0.5283312916666666,152,MERFISH
ENSMUSG00000030724.7,Cd19,ENSMUSG00000030724,ENSMUST00000206325,,0.0246585,74,MERFISH
ENSMUSG00000108961.1,Gm32540,ENSMUSG00000108961,ENSMUST00000207174,,0.0116836666666666,54,MERFISH
ENSMUSG00000032009.8,Sesn3,ENSMUSG00000032009,ENSMUST00000208222,,15.627177333333334,257,MERFISH
ENSMUSG00000109432.1,Gm44785,ENSMUSG00000109432,ENSMUST00000208294,,0,64,MERFISH
ENSMUSG00000018334.18,Ksr1,ENSMUSG00000018334,ENSMUST00000209031,,7.2035414583333335,41,MERFISH
ENSMUSG00000109383.1,Gm36584,ENSMUSG00000109383,ENSMUST00000209046,,0.0739576666666666,50,MERFISH
ENSMUSG00000109032.1,Gm7972,ENSMUSG00000109032,ENSMUST00000209180,,0.3372275,57,MERFISH
ENSMUSG00000040136.10,Abcc8,ENSMUSG00000040136,ENSMUST00000210770,,9.148917875,38,MERFISH
ENSMUSG00000028906.16,Epb41,ENSMUSG00000028906,ENSMUST00000212761,,5.271593208333334,200,MERFISH
ENSMUSG00000110586.1,4930578M07Rik,ENSMUSG00000110586,ENSMUST00000212946,,0.1651330416666666,46,MERFISH
ENSMUSG00000019853.6,Hebp2,ENSMUSG00000019853,ENSMUST00000213153,,1.624467125,55,MERFISH
ENSMUSG00000111576.1,Gm32284,ENSMUSG00000111576,ENSMUST00000213704,,0.0105816666666666,53,MERFISH
ENSMUSG00000110996.1,Gm36251,ENSMUSG00000110996,ENSMUST00000213712,,0.6386700000000001,55,MERFISH
ENSMUSG00000032517.16,Mobp,ENSMUSG00000032517,ENSMUST00000214943,,336.231796875,38,MERFISH
ENSMUSG00000110784.1,Gm39436,ENSMUSG00000110784,ENSMUST00000215648,,0.1027015833333332,53,MERFISH
ENSMUSG00000039608.6,Olfr303,ENSMUSG00000039608,ENSMUST00000216409,,0,73,MERFISH
ENSMUSG00000111290.1,Gm5122,ENSMUSG00000111290,ENSMUST00000216854,,0.0124241666666666,61,MERFISH
ENSMUSG00000112117.1,Rmst,ENSMUSG00000112117,ENSMUST00000218060,,20.07378625,66,MERFISH
ENSMUSG00000112771.1,Gm47718,ENSMUSG00000112771,ENSMUST00000218099,,0,50,MERFISH
ENSMUSG00000112878.1,1700042O05Rik,ENSMUSG00000112878,ENSMUST00000219017,,0,48,MERFISH
ENSMUSG00000112030.1,Gm35189,ENSMUSG00000112030,ENSMUST00000219319,,0.0319708333333333,56,MERFISH
ENSMUSG00000112498.1,Gm47691,ENSMUSG00000112498,ENSMUST00000219965,,0,54,MERFISH
ENSMUSG00000021366.8,Hivep1,ENSMUSG00000021366,ENSMUST00000220525,,8.730972125000001,42,MERFISH
ENSMUSG00000021478.6,Drd1,ENSMUSG00000021478,ENSMUST00000221470,,5.817907416666666,94,MERFISH
ENSMUSG00000041992.9,Rapgef5,ENSMUSG00000041992,ENSMUST00000222185,,12.325497666666664,159,MERFISH
ENSMUSG00000113425.1,Gm48653,ENSMUSG00000113425,ENSMUST00000222671,,0.5158403333333333,67,MERFISH
ENSMUSG00000024983.10,Vti1a,ENSMUSG00000024983,ENSMUST00000223690,,4.988677875,56,MERFISH
ENSMUSG00000024561.10,Mbd1,ENSMUSG00000024561,ENSMUST00000224332,,4.6707565,77,MERFISH
ENSMUSG00000114436.1,Gm48283,ENSMUSG00000114436,ENSMUST00000224546,,16.57305991666667,55,MERFISH
ENSMUSG00000045731.6,Pnoc,ENSMUSG00000045731,ENSMUST00000224594,,4.180950791666667,54,MERFISH
ENSMUSG00000114957.1,Gm47316,ENSMUSG00000114957,ENSMUST00000224937,,0.0074786666666666,51,MERFISH
ENSMUSG00000033730.4,Egr3,ENSMUSG00000033730,ENSMUST00000225200,,15.552751166666663,110,MERFISH
ENSMUSG00000040957.15,Cables1,ENSMUSG00000040957,ENSMUST00000225430,,3.7555697916666655,76,MERFISH
ENSMUSG00000049295.17,Zfp219,ENSMUSG00000049295,ENSMUST00000226522,,7.874901291666667,60,MERFISH
ENSMUSG00000115124.1,Gm49201,ENSMUSG00000115124,ENSMUST00000227403,,1.0855458333333334,45,MERFISH
ENSMUSG00000115230.1,AU022793,ENSMUSG00000115230,ENSMUST00000227886,,0.1035507916666666,53,MERFISH
ENSMUSG00000022996.15,Wnt10b,ENSMUSG00000022996,ENSMUST00000228546,,0.1732239166666666,53,MERFISH
ENSMUSG00000115791.1,Vmn1r217,ENSMUSG00000115791,ENSMUST00000228656,,0.0016301666666666,181,MERFISH
ENSMUSG00000043460.7,Elfn2,ENSMUSG00000043460,ENSMUST00000229441,,10.926253291666669,86,MERFISH
ENSMUSG00000116029.1,Gm41414,ENSMUSG00000116029,ENSMUST00000229837,,0.7697452916666667,48,MERFISH
ENSMUSG00000022332.8,Khdrbs3,ENSMUSG00000022332,ENSMUST00000230073,,26.088135,45,MERFISH
ENSMUSG00000044471.12,Lncpint,ENSMUSG00000044471,ENSMUST00000231007,,2.764075958333333,55,MERFISH
ENSMUSG00000116725.1,Gm29686,ENSMUSG00000116725,ENSMUST00000232339,,0.0566595,62,MERFISH
ENSMUSG00000116551.1,Gm41517,ENSMUSG00000116551,ENSMUST00000232522,,0.0707218333333333,51,MERFISH
ENSMUSG00000024219.16,Anks1,ENSMUSG00000024219,ENSMUST00000232872,,2.7650641666666664,54,MERFISH
ENSMUSG00000023067.14,Cdkn1a,ENSMUSG00000023067,ENSMUST00000233296,,9.571590625,63,MERFISH
ENSMUSG00000040732.20,Erg,ENSMUSG00000040732,ENSMUST00000233881,,0.558232375,54,MERFISH
ENSMUSG00000024107.7,Lhcgr,ENSMUSG00000024107,ENSMUST00000234881,,0.0654139166666666,50,MERFISH
ENSMUSG00000117762.1,Gm30889,ENSMUSG00000117762,ENSMUST00000236957,,0.016425,58,MERFISH
ENSMUSG00000118412.1,AC125126.1,ENSMUSG00000118412,ENSMUST00000238497,,0,46,MERFISH
ENSMUSG00000024411.10,Aqp4,ENSMUSG00000024411,ENSMUST00000238946,,22.365412041666666,140,MERFISH