Gene,RS0708,RS0730,RS0763,RS0793,RS0805,RS0820,RS0896,RS0967,RS0994,RS0996,RS1040,RS1047,RS1199,RS1261,RS1312,RS1316,RS1326,RS1334,RS1404,RS3505
Pcdhb16,0,0,0,0,0,0,0,1,1,0,1,0,1,0,0,0,0,0,0,0
Prom1,0,0,1,0,0,0,1,0,0,0,1,0,0,0,0,0,0,0,0,1
Parp8,0,0,0,0,0,1,0,0,0,0,0,0,0,0,1,0,0,1,0,1
5033421B08Rik,1,0,1,0,0,1,0,0,0,0,0,0,0,0,0,0,0,1,0,0
Casr,0,0,0,0,1,0,0,0,0,0,0,1,0,0,0,0,0,1,1,0
Greb1,0,0,0,1,0,1,0,0,0,1,0,0,0,0,1,0,0,0,0,0
Lnpep,0,1,0,0,0,1,0,0,0,0,0,1,0,0,0,0,0,1,0,0
Lrrc9,0,1,0,0,0,0,1,0,0,0,0,1,0,1,0,0,0,0,0,0
Sptb,0,0,0,0,0,1,0,1,0,0,0,0,1,0,0,0,0,1,0,0
Ano3,1,0,0,0,1,0,0,0,0,0,0,0,0,0,1,0,1,0,0,0
Adgrg6,0,0,1,1,0,0,1,0,0,0,0,0,0,0,0,0,0,0,1,0
Glis3,0,1,0,0,0,0,0,0,1,1,0,0,0,0,0,0,0,0,1,0
Sfmbt2,0,0,1,0,0,0,0,0,0,0,1,0,1,0,0,0,0,0,1,0
Nfia,1,0,1,0,0,0,1,0,0,0,0,0,0,0,1,0,0,0,0,0
Rbpj,0,1,0,0,0,0,0,0,0,0,0,0,0,1,0,0,0,1,0,1
Skap2,0,0,0,0,0,0,0,0,0,0,0,0,0,0,1,1,1,0,0,1
Ago3,0,1,0,1,0,0,0,0,0,0,0,0,0,0,0,0,0,0,1,1
Cntnap3,0,1,0,0,0,0,0,0,0,0,0,1,0,0,1,0,0,0,0,1
Col4a3,0,0,0,0,0,0,1,0,0,1,0,0,0,1,0,0,0,0,1,0
Meis2,0,0,0,0,1,0,0,1,0,0,1,0,0,0,0,0,0,0,0,1
7630403G23Rik,0,0,0,0,0,0,1,0,0,0,1,0,0,0,1,0,0,0,1,0
Plekhg1,1,0,0,0,1,0,0,0,0,0,0,0,0,1,0,0,0,0,1,0
Grin2b,0,1,0,1,0,0,1,0,0,0,0,0,0,0,0,0,1,0,0,0
Arnt2,0,0,0,0,0,1,0,0,0,0,1,0,0,0,0,0,1,0,0,1
Onecut2,0,0,1,0,0,0,0,1,0,0,0,0,1,0,0,0,1,0,0,0
A530053G22Rik,0,0,0,0,0,0,0,1,0,0,0,1,0,0,0,0,1,1,0,0
Cdkn1a,0,0,1,0,1,0,0,0,0,1,0,0,0,0,0,0,0,0,1,0
Tiparp,0,0,1,0,0,0,0,0,0,1,0,0,0,0,1,0,1,0,0,0
Slc24a3,1,0,0,0,1,1,0,1,0,0,0,0,0,0,0,0,0,0,0,0
Arid5b,0,1,0,1,0,0,0,1,0,0,0,0,1,0,0,0,0,0,0,0
Hivep2,0,0,0,0,0,0,0,0,0,1,0,0,0,0,0,1,0,1,0,1
Gsg1l,1,1,1,1,0,0,0,0,0,0,0,0,0,0,0,0,0,0,0,0
Mxi1,0,0,0,1,0,0,0,0,0,0,0,0,1,1,0,0,0,0,1,0
Foxn3,0,0,1,0,1,0,0,0,0,0,0,1,0,0,0,0,0,0,0,1
Ebf1,0,0,0,1,0,0,0,1,1,0,0,1,0,0,0,0,0,0,0,0
Parp2,0,1,0,0,0,0,0,0,0,0,1,0,1,0,0,0,0,0,0,1
Igf1,0,0,0,0,0,0,0,0,0,1,0,1,1,0,0,0,0,0,1,0
Aff1,1,0,0,0,0,0,0,0,1,1,0,0,0,0,0,1,0,0,0,0
Fmo2,0,1,1,0,0,0,0,0,0,1,0,0,0,0,0,1,0,0,0,0
Zfp608,1,0,0,0,0,1,0,0,0,1,0,0,0,0,0,0,0,0,0,1
Banp,0,0,0,1,0,0,1,0,0,0,0,0,0,0,1,1,0,0,0,0
Hs3st3a1,0,1,0,1,0,0,0,0,0,1,0,0,0,1,0,0,0,0,0,0
Fbxl7,0,0,0,0,0,0,0,1,0,0,0,0,1,0,1,0,0,0,0,1
Tox2,1,0,0,0,0,0,0,0,1,0,0,1,0,0,0,0,0,0,1,0
Zfp804a,0,1,0,0,0,0,0,0,1,0,0,1,0,0,0,1,0,0,0,0
Sirt7,0,0,1,1,0,0,0,0,0,0,1,0,0,0,0,0,0,1,0,0
Prr5l,0,0,0,0,0,0,0,0,1,1,0,0,0,0,1,0,0,1,0,0
Htr2c,0,0,0,1,0,0,0,0,0,1,0,0,1,0,0,0,0,0,0,1
Klf7,0,0,0,0,0,0,0,0,1,0,0,0,1,0,0,0,1,0,0,1
Timp2,0,0,1,0,0,0,0,0,0,0,0,0,1,0,0,1,0,0,0,1
Maf,1,0,0,1,0,0,0,0,0,0,0,0,1,0,0,1,0,0,0,0
Nfe2l2,0,0,0,0,0,0,0,1,0,0,1,0,0,0,0,1,1,0,0,0
Grin3a,0,1,0,0,0,1,0,0,1,0,1,0,0,0,0,0,0,0,0,0
Tcf7l1,0,0,0,0,0,1,0,0,0,0,1,0,0,1,1,0,0,0,0,0
Sptan1,0,0,0,1,0,0,0,0,1,0,0,0,0,0,1,0,0,0,1,0
Zbtb16,0,1,0,0,0,0,1,0,1,0,0,0,0,0,0,0,0,0,0,1
Cntnap5a,1,0,0,0,0,0,0,0,1,0,1,0,0,0,1,0,0,0,0,0
Egflam,1,0,1,0,0,0,0,0,0,0,0,0,0,0,0,0,0,0,1,1
Npas3,0,0,1,0,0,0,1,1,0,0,0,0,0,0,0,1,0,0,0,0
Ctsb,1,0,0,1,0,1,0,0,1,0,0,0,0,0,0,0,0,0,0,0
Igf2bp3,1,0,0,0,0,0,0,1,0,0,1,0,0,0,0,0,0,1,0,0
Cldn34c1,0,0,0,0,1,0,0,1,0,0,0,0,0,0,0,1,0,1,0,0
Ikzf2,0,0,0,1,0,0,0,0,0,0,1,0,0,0,1,0,0,0,0,1
Ctsd,0,0,0,1,1,0,1,0,0,1,0,0,0,0,0,0,0,0,0,0
Bbx,0,1,0,0,0,0,0,1,0,0,0,0,0,0,0,0,1,0,1,0
Man1a,0,1,0,0,0,1,1,0,0,0,0,0,1,0,0,0,0,0,0,0
Trio,0,0,1,1,0,0,0,0,1,1,0,0,0,0,0,0,0,0,0,0
Cdh13,0,0,0,0,0,0,0,0,1,1,0,1,0,0,0,0,0,0,0,1
Creb3l2,1,0,0,0,0,0,1,0,1,0,0,0,0,0,0,0,0,1,0,0
Adam12,1,1,0,0,0,0,0,0,0,0,1,0,0,0,0,0,0,0,1,0
Cd63,0,0,0,1,0,0,0,0,0,0,0,0,0,1,0,1,0,0,0,1
Myt1l,1,0,1,0,0,0,0,0,0,1,1,0,0,0,0,0,0,0,0,0
Axl,0,1,0,0,0,0,0,1,0,0,0,0,0,1,0,1,0,0,0,0
Marcks,1,0,0,0,0,0,0,1,0,0,0,0,0,0,0,1,0,0,0,1
Nr6a1,0,0,0,0,0,0,0,0,0,1,1,0,0,0,0,0,0,1,1,0
Parp11,0,0,0,0,0,0,0,1,0,1,0,0,0,0,0,0,1,0,0,1
Hs3st4,0,0,0,0,0,1,0,0,1,0,0,1,0,0,1,0,0,0,0,0
Aff3,0,1,0,0,0,1,0,0,0,0,0,0,0,1,0,0,0,0,1,0
Cd209g,0,1,0,0,1,0,1,0,0,0,0,0,0,0,0,1,0,0,0,0
Neat1,0,1,1,0,0,0,0,0,0,0,0,0,1,0,0,0,0,1,0,0
Sdk1,1,0,0,0,0,0,1,1,0,0,0,0,0,1,0,0,0,0,0,0
Nfib,1,0,0,0,0,1,0,0,0,0,0,0,0,1,0,1,0,0,0,0
Nmnat2,0,0,0,0,1,0,0,0,1,1,1,0,0,0,0,0,0,0,0,0
Fbln2,0,0,0,1,0,0,0,0,1,0,0,0,1,0,0,0,0,1,0,0
Zfp827,0,0,0,0,0,0,0,1,0,0,0,1,1,1,0,0,0,0,0,0
Hmgb1,0,0,0,0,0,0,0,0,1,0,0,0,0,1,0,1,1,0,0,0
9530026P05Rik,0,0,0,0,1,0,0,0,0,1,0,1,0,0,0,0,1,0,0,0
Maml3,0,0,0,0,0,1,0,0,1,0,0,0,1,0,0,0,0,0,1,0
C130026I21Rik,0,0,1,0,0,1,1,0,0,1,0,0,0,0,0,0,0,0,0,0
Herc6,0,0,0,1,0,0,1,0,0,0,0,1,0,0,0,0,0,0,0,1
Ncor2,0,0,0,0,0,0,0,1,1,0,0,0,0,0,1,1,0,0,0,0
Xdh,1,0,0,0,1,0,0,0,0,1,0,0,0,0,0,0,0,1,0,0
Tnc,1,0,0,1,0,0,0,0,0,0,0,0,0,0,0,0,0,1,1,0
Srebf2,0,0,0,0,0,0,1,0,1,0,0,0,1,0,0,1,0,0,0,0
Hif3a,0,0,0,0,0,0,0,0,0,0,0,1,0,0,1,0,1,0,1,0
Zfp385b,0,0,0,0,1,1,0,0,0,0,0,0,0,1,0,0,0,1,0,0
Lcorl,0,0,1,0,0,0,0,0,0,1,0,1,0,0,0,0,0,1,0,0
Tcf25,1,0,0,0,0,0,0,0,0,1,0,0,0,0,0,0,1,0,1,0
Chrm3,0,0,0,0,0,0,0,0,0,0,1,0,1,1,0,1,0,0,0,0
Abca1,0,0,0,1,1,0,0,0,0,0,0,0,0,0,1,0,0,1,0,0
Cntnap5b,0,0,0,1,0,1,0,1,0,0,0,0,0,0,0,1,0,0,0,0
Nr3c2,0,0,0,1,0,0,1,1,0,0,0,0,0,0,0,0,0,1,0,0
Trps1,0,0,0,0,0,0,0,0,1,0,1,0,0,0,0,0,1,1,0,0
Rsrp1,0,1,0,0,0,0,1,1,0,0,1,0,0,0,0,0,0,0,0,0
Ptpro,0,0,0,0,0,0,1,0,0,0,1,0,1,0,0,0,1,0,0,0
Itga8,0,0,0,0,1,1,1,0,0,0,0,1,0,0,0,0,0,0,0,0
Sox5,0,0,0,0,1,0,1,0,0,0,0,0,1,0,0,0,0,1,0,0
Col11a1,0,1,1,0,1,0,0,0,0,0,0,0,0,0,0,0,1,0,0,0
Parp1,0,0,1,0,0,0,1,0,1,0,0,1,0,0,0,0,0,0,0,0
Zbtb20,0,0,0,1,0,1,0,0,0,0,1,0,0,0,0,0,0,0,1,0
Cd38,0,0,0,0,1,0,1,0,1,0,0,0,0,0,0,0,0,0,1,0
Fstl5,0,1,0,0,0,0,0,0,0,0,0,0,0,0,1,0,0,1,1,0
Pde8a,0,1,1,0,0,0,0,0,0,0,0,1,0,0,0,0,0,0,1,0
Cdh9,0,0,1,1,0,0,0,0,0,0,0,0,0,0,0,0,1,0,0,1
Epb41l4a,0,1,0,0,0,0,0,0,0,0,1,0,0,0,1,0,1,0,0,0
Tsc22d1,1,0,0,0,0,0,0,0,0,0,0,0,1,0,0,0,0,1,0,1
Lef1,0,1,0,0,0,1,0,1,0,0,0,0,0,0,0,0,0,0,0,1
Mef2c,0,0,0,0,1,0,0,0,0,0,1,0,0,0,0,0,1,0,1,0
Shisa6,0,0,0,0,0,0,0,0,0,0,1,1,0,0,0,0,0,0,1,1
Pde3a,1,0,0,0,0,0,1,0,0,0,0,0,0,0,0,1,0,0,1,0
Hivep3,1,0,0,0,0,0,0,1,0,0,0,0,1,0,0,0,0,0,1,0
Lilrb4a,0,0,1,0,0,0,1,0,0,0,0,0,1,1,0,0,0,0,0,0
3222401L13Rik,0,0,0,1,0,0,0,0,0,0,1,0,0,1,0,0,1,0,0,0
Sox2ot,0,0,0,1,1,0,0,0,1,0,0,0,0,0,0,0,1,0,0,0
Sirt3,1,0,1,0,0,0,0,0,0,0,0,1,0,1,0,0,0,0,0,0
Klf12,0,0,0,0,0,0,0,0,0,1,0,0,1,1,0,0,1,0,0,0
Sirt2,0,1,0,0,0,1,0,0,0,0,0,0,0,0,1,1,0,0,0,0
St8sia6,0,0,0,0,1,0,1,0,0,0,0,0,0,0,1,0,0,0,0,1
Astn2,0,0,0,1,0,0,0,1,0,0,0,0,0,1,1,0,0,0,0,0
Trp53,0,0,0,1,1,1,0,0,0,0,0,0,0,0,0,0,0,0,0,1
Plch1,0,0,0,0,0,1,0,0,0,0,0,1,1,0,0,0,0,0,0,1
Zc3hav1,0,0,1,0,1,0,0,1,1,0,0,0,0,0,0,0,0,0,0,0
Mitf,0,0,0,0,0,0,0,1,0,0,1,0,0,1,0,0,0,0,1,0
Ccnd2,0,0,1,1,0,1,0,0,0,0,0,0,1,0,0,0,0,0,0,0
Adarb2,0,0,1,0,0,0,0,0,0,0,0,0,0,1,1,0,0,1,0,0
Nampt,0,0,1,0,0,1,0,1,0,0,1,0,0,0,0,0,0,0,0,0
Rora,0,0,1,0,0,0,0,0,0,0,0,1,0,0,1,1,0,0,0,0
Prdm16,0,0,0,0,0,0,0,0,1,0,1,1,0,1,0,0,0,0,0,0
Hmbox1,0,0,0,0,0,0,0,0,0,0,1,0,0,0,1,1,0,1,0,0
Thrb,0,0,1,0,1,0,0,0,0,0,0,0,1,0,1,0,0,0,0,0
Fbn2,0,1,0,0,0,0,0,0,0,0,0,1,1,0,0,0,1,0,0,0
Serinc3,1,0,0,0,0,0,0,1,0,0,0,1,0,0,1,0,0,0,0,0
Frmd4b,0,0,0,0,0,0,0,0,0,1,0,1,0,1,0,1,0,0,0,0
B230323A14Rik,0,0,0,0,0,1,0,0,0,0,0,0,0,0,0,0,1,1,1,0
Sparc,0,0,0,0,1,0,0,0,1,0,0,0,1,1,0,0,0,0,0,0
Parp4,0,0,0,0,1,0,0,0,0,0,0,0,0,1,1,1,0,0,0,0
Gpc5,0,1,0,0,0,0,0,0,0,0,0,0,1,0,0,1,0,0,1,0
Cp,1,0,0,0,0,0,1,0,0,0,0,0,0,0,0,0,1,0,0,1
9630014M24Rik,1,1,0,0,1,0,0,0,0,0,0,0,0,0,0,0,0,0,0,1
Elf2,0,0,0,0,1,0,0,0,1,0,0,0,0,0,0,1,0,0,0,1
Tafa1,0,0,1,0,0,1,0,0,0,0,0,0,0,1,0,0,0,0,0,1
Rreb1,0,0,0,0,0,0,1,0,1,0,0,0,0,0,1,0,1,0,0,0
Crispld1,0,0,0,0,0,0,0,1,0,1,0,0,0,0,0,1,0,0,1,0
Kcnip3,0,1,0,1,1,0,0,0,0,0,0,1,0,0,0,0,0,0,0,0
Cd9,1,0,0,0,1,0,0,0,0,0,0,1,0,0,0,1,0,0,0,0
Vim,0,1,0,0,0,0,0,1,0,1,0,0,0,0,1,0,0,0,0,0
Lyz2,0,0,1,0,1,0,0,0,0,0,1,0,0,0,0,1,0,0,0,0
Olig2,1,0,0,0,0,1,0,0,0,0,0,1,0,0,0,0,1,0,0,0
Hipk2,1,1,0,0,0,0,0,0,0,0,0,0,1,1,0,0,0,0,0,0
Ntn1,0,0,0,0,0,0,0,1,1,0,0,0,0,0,0,0,0,0,1,1
Tnfsf8,0,0,0,1,0,0,1,0,1,0,0,0,0,1,0,0,0,0,0,0
Tnks,1,0,0,0,0,0,1,0,0,0,0,1,1,0,0,0,0,0,0,0
Hmgcr,0,0,0,1,0,0,0,0,0,0,0,1,0,0,0,1,1,0,0,0
Pbx3,1,0,0,0,0,0,0,0,0,0,0,0,0,0,0,1,1,1,0,0
Ephb1,0,0,0,0,0,0,1,1,0,1,0,0,1,0,0,0,0,0,0,0
E2f3,0,0,1,0,0,0,0,0,1,0,0,0,0,0,0,0,0,1,1,0
Dach1,1,0,0,0,1,0,0,0,0,0,1,0,1,0,0,0,0,0,0,0
Apoe,0,0,0,0,0,1,0,1,0,1,0,1,0,0,0,0,0,0,0,0
Tead2,0,0,0,0,0,0,1,0,0,0,0,0,0,1,0,1,0,1,0,0
Fth1,0,0,0,0,0,1,0,0,0,1,0,0,0,0,0,1,1,0,0,0
Arhgap6,0,1,0,0,1,0,0,0,0,0,1,0,0,1,0,0,0,0,0,0
Kctd8,0,0,0,0,0,1,1,0,0,0,0,0,0,1,0,0,1,0,0,0
Rarb,1,0,0,0,0,0,0,0,1,0,0,0,0,1,0,0,0,0,0,1
Jazf1,0,1,0,0,1,0,0,0,1,0,0,0,0,0,1,0,0,0,0,0
Mei1,0,0,0,0,0,1,0,0,1,0,0,0,0,0,0,1,0,1,0,0
Sp100,0,0,0,1,1,0,0,0,0,0,0,0,0,0,0,1,0,0,1,0
Zfp462,0,0,0,0,0,0,0,0,0,0,0,1,0,1,0,0,1,0,0,1
Olig1,0,0,0,0,1,0,0,1,0,0,0,0,0,0,1,0,0,0,1,0
Cd74,0,0,1,1,1,0,0,0,0,0,0,0,0,1,0,0,0,0,0,0
Rspo3,0,0,0,0,0,0,0,0,1,0,1,0,0,0,0,1,0,0,1,0
Trpc6,0,0,0,0,0,0,0,1,0,1,0,0,0,1,0,0,0,1,0,0
Jdp2,1,0,0,1,0,0,0,0,0,1,0,1,0,0,0,0,0,0,0,0
Sirt5,0,0,0,0,0,0,0,0,0,0,0,0,0,1,1,0,0,0,1,1
Eif5b,0,0,0,0,0,1,1,1,0,0,0,0,0,0,1,0,0,0,0,0
Pde10a,0,0,0,0,0,0,1,1,0,0,0,1,0,0,0,0,0,0,1,0
Atp10b,0,0,0,0,0,1,1,0,0,0,1,0,0,0,0,0,0,1,0,0
S100a10,1,0,0,1,0,0,1,0,0,0,1,0,0,0,0,0,0,0,0,0
Creb5,0,0,0,1,0,0,0,1,0,1,1,0,0,0,0,0,0,0,0,0
Mamdc2,0,0,0,0,0,1,1,0,0,0,0,0,0,0,0,0,0,0,1,1
Pappa,0,0,0,0,0,0,1,0,0,0,1,1,0,0,0,1,0,0,0,0
Hsbp1,0,0,0,0,0,0,0,0,0,0,0,1,1,0,0,1,0,1,0,0
Dgka,0,0,1,0,0,1,0,0,1,0,0,0,0,0,0,0,1,0,0,0
Adra1a,0,1,0,0,0,0,0,0,0,1,1,1,0,0,0,0,0,0,0,0
Nkain3,0,0,0,0,1,0,0,0,0,0,0,0,1,0,0,1,1,0,0,0
Ildr2,0,0,0,1,0,0,0,0,0,0,0,1,0,1,0,0,0,1,0,0
Meis1,0,0,0,0,0,0,1,0,0,0,0,1,0,0,1,0,0,1,0,0
Zfhx3,0,1,1,0,0,0,0,0,1,0,0,0,0,1,0,0,0,0,0,0
Scg2,0,0,0,0,0,0,0,0,0,1,0,0,1,0,1,1,0,0,0,0
Csrnp3,0,0,1,0,0,1,0,0,0,0,0,0,0,0,0,1,0,0,1,0
9330185C12Rik,0,0,1,0,0,0,0,0,0,0,1,1,0,0,0,0,1,0,0,0
Zeb1,0,1,0,0,0,0,1,0,0,1,0,0,0,0,0,0,0,1,0,0
Dpysl3,0,0,0,1,0,0,0,0,0,0,1,1,1,0,0,0,0,0,0,0
Agbl1,0,1,0,0,1,1,0,0,0,1,0,0,0,0,0,0,0,0,0,0
Bach2,0,0,0,0,1,0,0,0,0,0,0,0,0,0,0,0,1,1,0,1
Blank-0,0,0,0,1,0,0,0,0,0,0,0,0,1,0,1,0,1,0,0,0
Blank-1,1,1,0,0,0,0,0,0,1,0,0,0,0,0,0,0,1,0,0,0
Blank-2,0,0,0,0,0,1,0,0,1,1,0,0,0,1,0,0,0,0,0,0
Blank-3,0,1,0,0,0,0,0,1,1,0,0,0,0,0,0,0,0,1,0,0
Blank-4,1,0,0,1,0,0,0,1,0,0,0,0,0,0,0,0,1,0,0,0
Blank-5,1,0,0,0,0,0,0,0,0,1,0,0,0,1,1,0,0,0,0,0
Blank-6,1,0,0,0,0,1,0,0,0,0,0,0,1,0,1,0,0,0,0,0
Blank-7,0,0,0,1,0,0,0,0,0,1,0,0,0,0,0,0,1,1,0,0
Blank-8,0,0,0,0,1,0,0,0,0,0,0,0,1,0,0,0,0,0,1,1
Blank-9,0,0,0,0,1,0,0,0,0,1,0,0,0,1,0,0,0,0,0,1
Blank-10,0,0,1,0,0,0,1,0,0,0,0,0,0,0,0,0,1,1,0,0
Blank-11,0,1,0,1,0,0,0,0,0,0,0,0,0,0,0,1,0,1,0,0
Blank-12,0,0,0,0,0,1,0,0,0,1,1,0,1,0,0,0,0,0,0,0
Blank-13,0,0,0,0,1,0,1,1,0,0,0,0,0,0,0,0,1,0,0,0
Blank-14,0,0,1,0,0,0,0,1,0,0,0,0,0,0,0,0,0,1,0,1
Blank-15,1,0,1,0,0,0,0,0,1,0,0,0,1,0,0,0,0,0,0,0
Blank-16,0,0,0,0,1,0,0,0,0,0,1,1,0,0,1,0,0,0,0,0
Blank-17,0,0,1,0,0,0,0,0,0,0,0,0,0,1,0,0,1,0,1,0
Blank-18,0,0,1,0,0,0,0,0,1,0,0,0,0,0,1,0,0,0,0,1